trip_id,arrival_time,departure_time,stop_id,stop_sequence,pickup_type,drop_off_type,shape_dist_traveled,timepoint,direction_id,stop_name,stop_lat,stop_lon
2729133_3220,04:58:00,04:58:00,5263,1,0,0,0.0,1,1,200 Turk/Cullen,30.163367,-97.791351
2729133_3220,04:59:41,04:59:41,6479,2,0,0,0.4377,0,1,305 Slaughter/Alice Mae,30.167797,-97.79335
2729133_3220,05:00:27,05:00:27,5968,3,0,0,0.6388,0,1,324 Slaughter/Francia,30.169519,-97.795847
2729133_3220,05:01:43,05:01:43,6407,4,0,0,0.9725,0,1,603 Slaughter/1st,30.172829,-97.799722
2729133_3220,05:02:55,05:02:55,5416,5,0,0,1.2864,0,1,Slaughter/Simonetti,30.174173,-97.804467
2729133_3220,05:03:24,05:03:24,3766,6,0,0,1.4102,0,1,818 Slaughter/Palace,30.174142,-97.806358
2729133_3220,05:04:11,05:04:11,2933,7,0,0,1.6161,0,1,Slaughter/United Kingdom,30.174099,-97.809607
2729133_3220,05:05:25,05:05:25,2934,8,0,0,1.9373,0,1,Slaughter/Texas Oaks,30.173995,-97.814789
2729133_3220,05:05:56,05:05:56,2935,9,0,0,2.0725,0,1,1312 Slaughter/Bilbrook,30.173971,-97.816864
2729133_3220,05:08:00,05:08:00,3754,10,0,0,2.6121,1,1,9700 Menchaca/Slaughter,30.175459,-97.822734
2729133_3220,05:08:58,05:08:58,3777,11,0,0,2.9441,0,1,9303 Menchaca/Sedgemoor,30.179446,-97.820242
2729133_3220,05:10:40,05:10:40,4415,12,0,0,3.5294,0,1,8509 Menchaca/Dittmar,30.186654,-97.815648
2729133_3220,05:11:51,05:11:51,3778,13,0,0,3.9354,0,1,8125 Menchaca/Breyfogle,30.191575,-97.812505
2729133_3220,05:12:44,05:12:44,3779,14,0,0,4.2341,0,1,Menchaca/Keilbar,30.195119,-97.810248
2729133_3220,05:13:26,05:13:26,4426,15,0,0,4.4752,0,1,7317 Menchaca/Gaines Mill,30.197956,-97.808456
2729133_3220,05:14:28,05:14:28,750,16,0,0,4.8297,0,1,Menchaca/William Cannon SE Corner,30.202687,-97.806816
2729133_3220,05:15:21,05:15:21,751,17,0,0,5.1364,0,1,6601 Menchaca/Miles,30.206901,-97.805837
2729133_3220,05:15:52,05:15:52,752,18,0,0,5.3095,0,1,6305 Menchaca/Berkeley,30.209018,-97.804497
2729133_3220,05:16:46,05:16:46,754,19,0,0,5.6237,0,1,6001 Menchaca/Independence,30.21281,-97.801883
2729133_3220,05:17:27,05:17:27,755,20,0,0,5.8553,0,1,5701 Menchaca/Whitestone,30.214491,-97.798856
2729133_3220,05:18:00,05:18:00,4227,21,0,0,6.0441,1,1,5501 Menchaca/Stassney,30.216254,-97.796781
2729133_3220,05:18:39,05:18:39,757,22,0,0,6.189,0,1,Menchaca/Inverness,30.217949,-97.795718
2729133_3220,05:19:04,05:19:04,758,23,0,0,6.2833,0,1,5309 Menchaca/Fair Oaks,30.219059,-97.794998
2729133_3220,05:20:18,05:20:18,4751,24,0,0,6.558,0,1,4911 Menchaca/Jones,30.222511,-97.792945
2729133_3220,05:20:52,05:20:52,4228,25,0,0,6.6839,0,1,4711 Menchaca/Frontier,30.22403,-97.791983
2729133_3220,05:21:41,05:21:41,4229,26,0,0,6.8672,0,1,4611 Menchaca/Forest Hill,30.226246,-97.790564
2729133_3220,05:22:34,05:22:34,4230,27,0,0,7.0612,0,1,4413 Menchaca/Redd,30.228562,-97.789081
2729133_3220,05:23:29,05:23:29,764,28,0,0,7.2687,0,1,4301 Menchaca/Fort View,30.23086,-97.787599
2729133_3220,05:24:40,05:24:40,765,29,0,0,7.532,0,1,3909 Menchaca/Prather,30.234049,-97.785514
2729133_3220,05:25:42,05:25:42,5479,30,0,0,7.761,0,1,3701 Menchaca/Valley View,30.236838,-97.783769
2729133_3220,05:26:15,05:26:15,767,31,0,0,7.8828,0,1,3505 Menchaca/Larchmont,30.238295,-97.782915
2729133_3220,05:27:00,05:27:00,768,32,0,0,8.0519,1,1,3201 Menchaca/Glen Allen,30.240512,-97.782084
2729133_3220,05:27:30,05:27:30,6458,33,0,0,8.1989,0,1,2928 Menchaca/Lightsey,30.242369,-97.781767
2729133_3220,05:28:24,05:28:24,771,34,0,0,8.4722,0,1,2639 Lamar/Dickson,30.245377,-97.779693
2729133_3220,05:29:01,05:29:01,772,35,0,0,8.6553,0,1,2401 Lamar/Bluebonnet,30.246752,-97.777395
2729133_3220,05:29:43,05:29:43,773,36,0,0,8.8617,0,1,2201 Lamar/Kinney,30.247279,-97.774278
2729133_3220,05:30:26,05:30:26,2260,37,0,0,9.0771,0,1,Oltorf West Station (NB),30.248024,-97.771014
2729133_3220,05:31:21,05:31:21,4072,38,0,0,9.3523,0,1,1901 Lamar/Mary,30.24956,-97.767001
2729133_3220,05:32:17,05:32:17,776,39,0,0,9.6288,0,1,1458 Lamar/Collier,30.252289,-97.763972
2729133_3220,05:32:49,05:32:49,777,40,0,0,9.7894,0,1,Lamar Square Station (NB),30.254034,-97.762592
2729133_3220,05:33:32,05:33:32,5396,41,0,0,10.0006,0,1,907 Lamar/Treadwell,30.256548,-97.761038
2729133_3220,05:34:16,05:34:16,4071,42,0,0,10.2233,0,1,615 Lamar/Bluff,30.258835,-97.758983
2729133_3220,05:35:00,05:35:00,781,43,0,0,10.44,1,1,Barton Springs Station (NB),30.261634,-97.758053
2729133_3220,05:39:00,05:39:00,5498,44,0,0,11.0773,0,1,Seaholm Station (NB),30.265454,-97.752098
2729133_3220,05:42:04,05:42:04,5868,45,0,0,11.565,0,1,Republic Square Station (NB),30.266218,-97.746056
2729133_3220,05:44:04,05:44:04,2606,46,0,0,11.8831,0,1,Austin History Center Station (NB),30.27042,-97.74444
2729133_3220,05:46:29,05:46:29,591,47,0,0,12.2837,0,1,Capitol Station (NB),30.275587,-97.742558
2729133_3220,05:47:19,05:47:19,593,48,0,0,12.4261,0,1,Lavaca/15th,30.277383,-97.741894
2729133_3220,05:48:00,05:48:00,5940,49,0,0,12.5424,1,1,1609 Lavaca/17th (Midblock),30.278834,-97.741358
2729133_3220,05:50:51,05:50:51,1042,50,0,0,13.0896,0,1,2231 Guadalupe/West Mall UT,30.285738,-97.741618
2729133_3220,05:52:34,05:52:34,5864,51,0,0,13.4205,0,1,UT Dean Keeton Station (NB),30.290285,-97.741241
2729133_3220,05:53:37,05:53:37,5353,52,0,0,13.6244,0,1,Guadalupe/27th,30.293051,-97.74157
2729133_3220,05:54:20,05:54:20,5634,53,0,0,13.761,0,1,2819 Guadalupe/29th,30.29474,-97.742407
2729133_3220,05:55:40,05:55:40,603,54,0,0,14.0169,0,1,31st Street Station (NB),30.297781,-97.741153
2729133_3220,05:56:53,05:56:53,604,55,0,0,14.2521,0,1,Guadalupe/34th,30.300639,-97.739393
2729133_3220,05:58:09,05:58:09,5350,56,0,0,14.4968,0,1,38th/Guadalupe,30.303402,-97.739012
2729133_3220,05:59:12,05:59:12,5351,57,0,0,14.6968,0,1,West 38th Station (NB),30.304699,-97.741778
2729133_3220,06:00:00,06:00:00,809,58,0,0,14.8523,1,1,38th/Medical Pkwy,30.305686,-97.743879
2729133_3220,06:00:36,06:00:36,4128,59,0,0,15.0396,0,1,3913 Medical/39th Half,30.307742,-97.742786
2729133_3220,06:01:04,06:01:04,811,60,0,0,15.1833,0,1,Medical Pkwy/41st,30.309731,-97.742576
2729133_3220,06:01:29,06:01:29,4129,61,0,0,15.3123,0,1,Medical/42nd,30.311492,-97.742464
2729133_3220,06:02:05,06:02:05,813,62,0,0,15.4983,0,1,Medical Pkwy/44th,30.314054,-97.741916
2729133_3220,06:02:36,06:02:36,814,63,0,0,15.6566,0,1,Burnet/45th,30.316,-97.741026
2729133_3220,06:03:04,06:03:04,4202,64,0,0,15.8027,0,1,Burnet/47th,30.317748,-97.740022
2729133_3220,06:03:44,06:03:44,815,65,0,0,16.011,0,1,Burnet/49th,30.320494,-97.739145
2729133_3220,06:04:03,06:04:03,816,66,0,0,16.1087,0,1,5011 Burnet/Hancock,30.321766,-97.739242
2729133_3220,06:05:05,06:05:05,817,67,0,0,16.4295,0,1,North Loop Station (NB),30.326284,-97.739566
2729133_3220,06:05:40,06:05:40,819,68,0,0,16.61,0,1,Burnet/Houston,30.328766,-97.739742
2729133_3220,06:06:05,06:06:05,820,69,0,0,16.7364,0,1,Burnet/Adams,30.330446,-97.739876
2729133_3220,06:06:33,06:06:33,821,70,0,0,16.8797,0,1,5621 Burnet/Northland,30.332384,-97.739997
2729133_3220,06:07:00,06:07:00,822,71,0,0,17.0191,0,1,Allandale Station (NB),30.3342,-97.7398
2729133_3220,06:07:46,06:07:46,4568,72,0,0,17.2574,0,1,6205 Burnet/Romeria,30.33743,-97.73931
2729133_3220,06:08:00,06:08:00,6486,73,0,0,17.332,0,1,6303 Burnet/White Horse/NB,30.338339,-97.739163
2729133_3220,06:08:24,06:08:24,824,74,0,0,17.4564,0,1,6425 Burnet/Whitehorse,30.33997,-97.7389
2729133_3220,06:09:39,06:09:39,826,75,0,0,17.8407,0,1,Justin Station (NB),30.345183,-97.73755
2729133_3220,06:10:34,06:10:34,827,76,0,0,18.1244,0,1,Burnet/Greenlawn Pkwy,30.34851,-97.73545
2729133_3220,06:11:05,06:11:05,828,77,0,0,18.2867,0,1,7439 Burnet/Richcreek,30.3504,-97.73424
2729133_3220,06:12:00,06:12:00,829,78,0,0,18.5708,1,1,Northcross Station (NB),30.353858,-97.732081
2729133_3220,06:13:28,06:13:28,5746,79,0,0,18.9299,0,1,8003 Burnet/Ashdale,30.358604,-97.730093
2729133_3220,06:14:07,06:14:07,3063,80,0,0,19.0881,0,1,Burnet/Teakwood,30.360508,-97.729588
2729133_3220,06:15:05,06:15:05,4570,81,0,0,19.3229,0,1,Ohlen Station (NB),30.363467,-97.728784
2729133_3220,06:16:23,06:16:23,4571,82,0,0,19.6438,0,1,Burnet/Colfax,30.367566,-97.727715
2729133_3220,06:17:26,06:17:26,4572,83,0,0,19.9015,0,1,Crossroads Station (NB),30.370976,-97.726817
2729133_3220,06:18:34,06:18:34,4753,84,0,0,20.1777,0,1,9101 Burnet/Research,30.374709,-97.725908
2729133_3220,06:20:00,06:20:00,4757,85,0,0,20.5275,1,1,Rutland Station (NB),30.379497,-97.724857
2729133_3220,06:21:45,06:21:45,6427,86,0,0,20.9453,0,1,10099 Burnet/Mc Hale,30.385221,-97.723575
2729133_3220,06:23:49,06:23:49,4682,87,0,0,21.4348,0,1,Braker/Burnet NW Corner,30.391483,-97.722548
2729133_3220,06:24:47,06:24:47,3014,88,0,0,21.6646,0,1,Braker/IBM,30.392667,-97.725958
2729133_3220,06:26:25,06:26:25,4895,89,0,0,22.054,0,1,Braker/Mopac NE Corner,30.395374,-97.731553
2729133_3220,06:27:46,06:27:46,5755,90,0,0,22.371,0,1,Braker/Mopac (Farside/Midblock),30.397553,-97.736066
2729133_3220,06:28:48,06:28:48,6472,91,0,0,22.6176,0,1,4223 Braker/Stonelake,30.399251,-97.73955
2729133_3220,06:29:35,06:29:35,4763,92,0,0,22.8051,0,1,Braker/Seton Center,30.400365,-97.742281
2729133_3220,06:30:52,06:30:52,3834,93,0,0,23.1089,0,1,Braker/Research NW Corner,30.400813,-97.74724
2729133_3220,06:32:30,06:32:30,6093,94,0,0,23.4964,0,1,10300 Jollyville/Great Hills,30.396981,-97.750138
2729133_3220,06:33:44,06:33:44,2732,95,0,0,23.7892,0,1,9829 Great Hills/Jollyville,30.394037,-97.74835
2729133_3220,06:35:00,06:35:00,3837,96,0,0,24.0917,1,1,10051 Great Hills/Research (Target),30.393337,-97.743545
2729077_3326,05:03:30,05:03:30,5019,2,0,0,0.3,0,0,Stonelake/Great Hills,30.394136,-97.73962
2729077_3326,05:06:12,05:06:12,3017,3,0,0,0.8438,0,0,4001 Braker/Stonelake,30.397316,-97.736242
2729077_3326,05:06:54,05:06:54,5452,4,0,0,0.9826,0,0,Braker/Mopac SW Corner,30.396412,-97.734329
2729077_3326,05:09:46,05:09:46,5718,5,0,0,1.5591,0,0,Braker/Road A (UT-PRC),30.392361,-97.725994
2729077_3326,05:11:00,05:11:00,3020,6,0,0,1.8068,1,0,Braker/Burnet SW Corner,30.391127,-97.722228
2729077_3326,05:12:03,05:12:03,6457,7,0,0,2.0731,0,0,10401 Burnet/Bright Verde,30.387908,-97.723039
2729077_3326,05:13:19,05:13:19,4756,8,0,0,2.3907,0,0,Rutland Station (SB),30.3836,-97.72419
2729077_3326,05:14:28,05:14:28,5784,9,0,0,2.6812,0,0,9600 Burnet/Longhorn,30.379659,-97.725088
2729077_3326,05:15:37,05:15:37,4754,10,0,0,2.971,0,0,Burnet/Waterford Center,30.375734,-97.725963
2729077_3326,05:16:55,05:16:55,4573,11,0,0,3.3019,0,0,Crossroads Station (SB),30.371234,-97.727017
2729077_3326,05:18:07,05:18:07,4579,12,0,0,3.6023,0,0,Burnet/Rockwood,30.367142,-97.728061
2729077_3326,05:19:12,05:19:12,4574,13,0,0,3.8754,0,0,Ohlen Station (SB),30.363467,-97.72905
2729077_3326,05:20:05,05:20:05,3160,14,0,0,4.1004,0,0,8118 Burnet/Steck,30.360468,-97.729812
2729077_3326,05:20:44,05:20:44,3060,15,0,0,4.2648,0,0,Burnet/Ashdale,30.358333,-97.730386
2729077_3326,05:22:00,05:22:00,5849,16,0,0,4.5833,1,0,Northcross Station (SB),30.354217,-97.732117
2729077_3326,05:23:05,05:23:05,675,17,0,0,4.8758,0,0,7500 Burnet/Richcreek,30.35066,-97.734362
2729077_3326,05:23:41,05:23:41,5745,18,0,0,5.0392,0,0,7212 Burnet/Greenlawn,30.348757,-97.735555
2729077_3326,05:24:38,05:24:38,5744,19,0,0,5.2958,0,0,Justin Station (SB),30.345717,-97.737518
2729077_3326,05:25:30,05:25:30,678,20,0,0,5.5299,0,0,Burnet/Twin Oaks Dr.,30.342693,-97.738671
2729077_3326,05:26:10,05:26:10,4578,21,0,0,5.7083,0,0,Burnet/Twin Oaks,30.340324,-97.739058
2729077_3326,05:26:44,05:26:44,5733,22,0,0,5.8612,0,0,6310 Burnet/White Horse,30.338309,-97.739372
2729077_3326,05:27:56,05:27:56,4204,23,0,0,6.1894,0,0,Allandale Station (SB),30.333766,-97.740096
2729077_3326,05:29:35,05:29:35,5964,24,0,0,6.6322,0,0,5350 Burnet/Lawnmont,30.327517,-97.739833
2729077_3326,05:30:15,05:30:15,684,25,0,0,6.8161,0,0,North Loop Station (SB),30.324999,-97.739681
2729077_3326,05:31:00,05:31:00,685,26,0,0,7.0184,0,0,Burnet/Hancock,30.322213,-97.739436
2729077_3326,05:31:31,05:31:31,686,27,0,0,7.1587,0,0,Burnet/W. 49th,30.320333,-97.739313
2729077_3326,05:32:10,05:32:10,687,28,0,0,7.3333,0,0,Burnet/W. 47th,30.318126,-97.739952
2729077_3326,05:32:58,05:32:58,688,29,0,0,7.5504,0,0,Burnet/W. 45th,30.315528,-97.741621
2729077_3326,05:33:48,05:33:48,689,30,0,0,7.7756,0,0,4214 Medical Parkway/43rd,30.312474,-97.742371
2729077_3326,05:34:14,05:34:14,690,31,0,0,7.893,0,0,4112 Medical Parkway/42nd,30.310901,-97.742667
2729077_3326,05:34:52,05:34:52,691,32,0,0,8.0631,0,0,Medical Pkwy/W. 40th,30.308566,-97.742745
2729077_3326,05:35:23,05:35:23,5977,33,0,0,8.2036,0,0,3900 Medical/39th,30.306917,-97.743506
2729077_3326,05:36:00,05:36:00,1999,34,0,0,8.3691,1,0,38th/Medical Parkway,30.305323,-97.74376
2729077_3326,05:36:49,05:36:49,5349,35,0,0,8.5278,0,0,West 38th Station (SB),30.304405,-97.741594
2729077_3326,05:37:37,05:37:37,5352,36,0,0,8.6858,0,0,38th/Ronson,30.303401,-97.739461
2729077_3326,05:38:35,05:38:35,489,37,0,0,8.8771,0,0,Guadalupe/Maiden,30.301674,-97.73896
2729077_3326,05:39:08,05:39:08,490,38,0,0,8.9828,0,0,Guadalupe/34th Street,30.300456,-97.739709
2729077_3326,05:40:10,05:40:10,5357,39,0,0,9.1864,0,0,31st Street Station (SB),30.298026,-97.741267
2729077_3326,05:41:11,05:41:11,2003,40,0,0,9.3856,0,0,2900 Guadalupe/29th,30.295655,-97.742752
2729077_3326,05:42:33,05:42:33,494,41,0,0,9.6536,0,0,Guadalupe/27th Street,30.292197,-97.74131
2729077_3326,05:42:59,05:42:59,5863,42,0,0,9.7403,0,0,UT Dean Keeton Station (SB),30.291145,-97.741349
2729077_3326,05:44:50,05:44:50,497,43,0,0,10.1009,0,0,UT West Mall Station (SB),30.286064,-97.741815
2729077_3326,05:45:49,05:45:49,498,44,0,0,10.2947,0,0,Guadalupe/W. 21st Street,30.283384,-97.742081
2729077_3326,05:47:29,05:47:29,501,45,0,0,10.622,0,0,Guadalupe/16th Street,30.278962,-97.742708
2729077_3326,05:49:00,05:49:00,2738,46,0,0,10.9189,1,0,Capitol Station (SB),30.275022,-97.744169
2729077_3326,05:50:35,05:50:35,2611,47,0,0,11.2199,0,0,Austin History Center Station (SB),30.271057,-97.745655
2729077_3326,05:51:55,05:51:55,5867,48,0,0,11.472,0,0,Republic Square Station (SB),30.267751,-97.746857
2729077_3326,05:54:44,05:54:44,716,49,0,0,12.0093,0,0,800 Cesar Chavez/West,30.265741,-97.752406
2729077_3326,05:56:35,05:56:35,717,50,0,0,12.3593,0,0,B R Reynolds/Lamar,30.267402,-97.756576
2729077_3326,05:58:46,05:58:46,2322,51,0,0,12.7759,0,0,220 Lamar/Toomey,30.2631,-97.757876
2729077_3326,06:00:00,06:00:00,4070,52,0,0,13.0087,1,0,Barton Springs Station (SB),30.26007,-97.758952
2729077_3326,06:01:09,06:01:09,5635,53,0,0,13.3462,0,0,906 Lamar/Treadwell,30.256342,-97.761433
2729077_3326,06:01:42,06:01:42,2324,54,0,0,13.5017,0,0,Lamar Square Station (SB),30.254493,-97.762566
2729077_3326,06:02:21,06:02:21,722,55,0,0,13.6943,0,0,1414 Lamar/Collier/SB,30.252465,-97.764114
2729077_3326,06:03:29,06:03:29,2326,56,0,0,14.0235,0,0,2008 Lamar/Hether,30.249289,-97.767901
2729077_3326,06:04:22,06:04:22,2328,57,0,0,14.282,0,0,Oltorf West Station (SB),30.248028,-97.771756
2729077_3326,06:05:20,06:05:20,2255,58,0,0,14.5631,0,0,2330 Lamar/Goodrich,30.247258,-97.776176
2729077_3326,06:05:44,06:05:44,5879,59,0,0,14.6786,0,0,Bluebonnet Station (SB),30.246766,-97.777874
2729077_3326,06:07:00,06:07:00,728,60,0,0,15.0485,1,0,2806 Menchaca/Lightsey,30.243035,-97.781628
2729077_3326,06:07:40,06:07:40,729,61,0,0,15.2523,0,0,3204 Menchaca/Glen Allen,30.240345,-97.782242
2729077_3326,06:08:26,06:08:26,730,62,0,0,15.4884,0,0,3624 Menchaca/Larchmont,30.237452,-97.783568
2729077_3326,06:09:03,06:09:03,2650,63,0,0,15.6741,0,0,3608 Menchaca/Valley View,30.235223,-97.784979
2729077_3326,06:09:24,06:09:24,732,64,0,0,15.7831,0,0,3906 Menchaca/Prather,30.233969,-97.785765
2729077_3326,06:10:21,06:10:21,733,65,0,0,16.0739,0,0,4308 Menchaca/Ben White,30.230504,-97.788112
2729077_3326,06:10:55,06:10:55,734,66,0,0,16.2462,0,0,4430 Menchaca/Redd,30.228464,-97.78938
2729077_3326,06:11:37,06:11:37,735,67,0,0,16.461,0,0,4616 Menchaca/Forest Hill,30.225991,-97.790916
2729077_3326,06:12:14,06:12:14,736,68,0,0,16.6481,0,0,4804 Menchaca/Frontier,30.223743,-97.792347
2729077_3326,06:12:59,06:12:59,737,69,0,0,16.8763,0,0,5000 Menchaca/Jones,30.220975,-97.794067
2729077_3326,06:13:25,06:13:25,5048,70,0,0,17.0063,0,0,5214 Menchaca/Fair Oaks,30.219433,-97.794929
2729077_3326,06:13:54,06:13:54,739,71,0,0,17.158,0,0,5322 Menchaca/Inverness,30.217683,-97.796093
2729077_3326,06:14:22,06:14:22,740,72,0,0,17.2985,0,0,5532 Menchaca/Stassney,30.216058,-97.797163
2729077_3326,06:15:00,06:15:00,742,73,0,0,17.4919,1,0,5720 Menchaca/Whitestone,30.214391,-97.799519
2729077_3326,06:16:03,06:16:03,743,74,0,0,17.8629,0,0,6212 Menchaca/Berkett,30.210671,-97.803629
2729077_3326,06:16:28,06:16:28,744,75,0,0,18.0085,0,0,6372 Menchaca/Berkeley,30.208952,-97.804711
2729077_3326,06:16:55,06:16:55,745,76,0,0,18.1682,0,0,6514 Menchaca/Miles,30.207078,-97.80593
2729077_3326,06:17:58,06:17:58,746,77,0,0,18.5379,0,0,Menchaca/William Cannon SW Corner,30.202031,-97.807163
2729077_3326,06:18:43,06:18:43,3772,78,0,0,18.8025,0,0,7300 Menchaca/Matthews,30.198694,-97.808351
2729077_3326,06:19:18,06:19:18,3773,79,0,0,19.0091,0,0,7504 Menchaca/Lear,30.196326,-97.80986
2729077_3326,06:19:54,06:19:54,3774,80,0,0,19.2235,0,0,7800 Menchaca/Beauregard,30.193854,-97.811433
2729077_3326,06:20:38,06:20:38,3775,81,0,0,19.482,0,0,8200 Menchaca/Shiloh,30.190828,-97.813363
2729077_3326,06:21:16,06:21:16,5472,82,0,0,19.7064,0,0,8400 Menchaca/Keepsake,30.188239,-97.815012
2729077_3326,06:21:58,06:21:58,4414,83,0,0,19.9532,0,0,8700 Menchaca/Davis,30.185354,-97.816843
2729077_3326,06:23:20,06:23:20,3776,84,0,0,20.4347,0,0,9304 Menchaca/Sedgemoor,30.179515,-97.820578
2729077_3326,06:24:00,06:24:00,3753,85,0,0,20.6693,1,0,9510 Menchaca/Monarch,30.176806,-97.822278
2729077_3326,06:25:06,06:25:06,4411,86,0,0,20.9869,0,0,Slaughter/Menchaca,30.17359,-97.822771
2729077_3326,06:26:26,06:26:26,2974,87,0,0,21.3767,0,0,1401 Slaughter/Bilbrook,30.173696,-97.816422
2729077_3326,06:26:57,06:26:57,2975,88,0,0,21.529,0,0,1213 Slaughter/David Moore,30.173729,-97.81402
2729077_3326,06:28:03,06:28:03,2976,89,0,0,21.8472,0,0,1001 Slaughter/United Kingdom,30.173798,-97.808881
2729077_3326,06:28:41,06:28:41,3767,90,0,0,22.0309,0,0,815 Slaughter/Palace,30.173859,-97.805997
2729077_3326,06:30:20,06:30:20,5999,91,0,0,22.5106,0,0,509 Slaughter/1st,30.171795,-97.798989
2729077_3326,06:31:19,06:31:19,5380,92,0,0,22.7985,0,0,404 Slaughter/Francia,30.168969,-97.795672
2729077_3326,06:32:03,06:32:03,5623,93,0,0,23.0095,0,0,236 Slaughter/Alice Mae,30.167354,-97.792824
2729077_3326,06:32:51,06:32:51,6322,94,0,0,23.2424,0,0,130 Slaughter/Congress,30.166994,-97.789102
